﻿{"out_flags":[{"Name":"PF_OutFlag_KEEP_RESOURCE_OPEN","Value":1,"ShiftValue":0,"Description":"PF_OutFlag_KEEP_RESOURCE_OPEN\r\n\r\nObsoleted in AE 2015 (does nothing when set). \r\n\r\nSet this flag if your effect expects its Macintosh resource fork to be open at any time other than global setup.  Note that this does not mean that the resource fork will be kept open at all times, just whenever the effect is being executed.","Comment":"PF_Cmd_GLOBAL_SETUP","DescriptionJ":"PF_OutFlag_KEEP_RESOURCE_OPEN\r\n\n\r\n\nAE 2015で廃止されました（設定しても何もしません）。\n\n\r\n\r\nエフェクトでMacintoshリソースフォークがグローバルセットアップ以外のときに開いていると予想される場合は、このフラグを設定します。 これは、エフェクトが実行されているときだけ、リソースフォークが常に開いたままになることを意味するわけではないことに注意してください。"},{"Name":"PF_OutFlag_WIDE_TIME_INPUT","Value":2,"ShiftValue":1,"Description":"PF_OutFlag_WIDE_TIME_INPUT\r\nSet this flag if the effect calls get_param to inquire a parameter at a time besides the current one (e.g. to get the previous video frame). This should be sent, if it is going to be sent, at PF_Cmd_GLOBAL_SETUP. Can be over-ridden dynamically during PF_Cmd_QUERY_DYNAMIC_FLAGS. \r\n\r\nAs of AE10, this flag is no longer recommended. It still works the same way and is safe to set, but there's a more efficient option. \r\nSee PF_OutFlag2_AUTOMATIC_WIDE_TIME_INPUT.","Comment":"PF_Cmd_GLOBAL_SETUP, PF_Cmd_QUERY_DYNAMIC_FLAGS","DescriptionJ":"PF_OutFlag_WIDE_TIME_INPUT\r\nエフェクトがget_paramを呼び出して、現在のパラメータ以外のパラメータを一度に照会する場合（たとえば、前のビデオフレームを取得する場合）、このフラグを設定します。 送信する場合は、PF_Cmd_GLOBAL_SETUPに送信する必要があります。 PF_Cmd_QUERY_DYNAMIC_FLAGS中に動的にオーバーライドできます。\r\n\r\nAE10以降、このフラグは推奨されなくなりました。 それでも同じように機能し、安全に設定できますが、より効率的なオプションがあります。\r\nPF_OutFlag2_AUTOMATIC_WIDE_TIME_INPUTを参照してください。"},{"Name":"PF_OutFlag_NON_PARAM_VARY","Value":4,"ShiftValue":2,"Description":"PF_OutFlag_NON_PARAM_VARY\r\nSet this if the effect uses information other than the parameters in the param list to generate its output at the current time. \r\nFor instance, if the effect uses the current time of the frame or some random value to decide the output, set this flag.  This flag should be sent at PF_Cmd_GLOBAL_SETUP.  If the effect produces changing frames when applied to a still image and all parameters are constant, that's a sure sign that this bit should be set (e.g. Wave Warp).\tCan be over-ridden dynamically during PF_Cmd_QUERY_DYNAMIC_FLAGS.","Comment":"PF_Cmd_GLOBAL_SETUP, PF_Cmd_QUERY_DYNAMIC_FLAGS","DescriptionJ":"PF_OutFlag_NON_PARAM_VARY\r\nエフェクトがパラメーターリストのパラメーター以外の情報を使用して現在の時間に出力を生成する場合は、これを設定します。\r\nたとえば、エフェクトがフレームの現在の時刻またはランダムな値を使用して出力を決定する場合は、このフラグを設定します。 このフラグは、PF_Cmd_GLOBAL_SETUPで送信する必要があります。 静止画像に適用したときにエフェクトによってフレームが変化し、すべてのパラメータが一定である場合は、このビットを設定する必要があることを示しています（例：ウェーブワープ）。 PF_Cmd_QUERY_DYNAMIC_FLAGS中に動的にオーバーライドできます。"},{"Name":"PF_OutFlag_RESERVED6","Value":8,"ShiftValue":3,"Description":"","Comment":"","DescriptionJ":""},{"Name":"PF_OutFlag_SEQUENCE_DATA_NEEDS_FLATTENING","Value":16,"ShiftValue":4,"Description":"PF_OutFlag_SEQUENCE_DATA_NEEDS_FLATTENING\r\nWhen you allocate a sequence data handle, the app may write the handle out to disk and reuse it later. Pass this flag if the handle is not \"flat\" (i.e. has pointers or handles hanging off of it). \r\nBasically, this gives you a chance to alter the handle contents before it is written out to disk, so  you won't get invalid handles or pointers. Once you have flattened a handle, you will get an opportunity to un-flatten it before the effect needs to continue. For sequence data, you will be invoked with a PF_Cmd_SEQUENCE_RESETUP call. You should store a boolean at a common  offset in your unflattened and flattened data that says whether the data is flat or not. If you get a PF_Cmd_SEQUENCE_RESETUP and the boolean indicated the data is flattened, you should  unflatten the data, free the flattened data handle, and set the sequence_data handle in the  PF_OutData. If you ever set the data to NULL when you flatten it, you will NOT get the sequence  resetup call to unflatten it. Instead, you may just get a RENDER call with NULL data. Forewarned is  forearmed. This flag, indicating if the data will need to be flattened, should be set at  PF_Cmd_GLOBAL_SETUP time.","Comment":"PF_Cmd_GLOBAL_SETUP","DescriptionJ":"PF_OutFlag_SEQUENCE_DATA_NEEDS_FLATTENING\r\nシーケンスデータハンドルを割り当てると、アプリはハンドルをディスクに書き出して後で再利用する場合があります。\r\nハンドルが「フラット」でない場合（つまり、ポインターまたはハンドルがぶら下がっている場合）、このフラグを渡します。\r\n基本的に、これにより、ディスクに書き出される前にハンドルの内容を変更できるため、無効なハンドルやポインターを取得することはありません。\r\nハンドルを平らにすると、効果を継続する前に、ハンドルを平らにしない機会が得られます。\r\nシーケンスデータの場合、PF_Cmd_SEQUENCE_RESETUP呼び出しで呼び出されます。\r\nブール値は、データがフラットかどうかを示す、フラット化されていないデータとフラット化されたデータの共通のオフセットに格納する必要があります。\r\nPF_Cmd_SEQUENCE_RESETUPを取得し、ブール値がデータがフラット化されていることを示している場合は、データをフラット化解除し、フラット化されたデータハンドルを解放して、PF_OutDataでsequence_dataハンドルを設定する必要があります。\r\nデータをフラット化するときにデータをNULLに設定した場合、データをフラット化解除するためのシーケンスリセット呼び出しは取得されません。代わりに、NULLデータを使用してRENDER呼び出しを取得する場合があります。事前警告は事前に警告されています。\r\nデータをフラット化する必要があるかどうかを示すこのフラグは、PF_Cmd_GLOBAL_SETUP時に設定する必要があります。"},{"Name":"PF_OutFlag_I_DO_DIALOG","Value":32,"ShiftValue":5,"Description":"PF_OutFlag_I_DO_DIALOG\r\nSet this is the effect responds to a PF_Cmd_DO_DIALOG, i.e. Does this effect bring up an options dialog box.  PF_Cmd_DO_DIALOG is generated when the user presses the Options button on the Effect floater. \r\nThis flag should be set at PF_Cmd_GLOBAL_SETUP time.","Comment":"PF_Cmd_GLOBAL_SETUP","DescriptionJ":"PF_OutFlag_I_DO_DIALOG\r\nこれを設定すると、エフェクトはPF_Cmd_DO_DIALOGに応答します。\r\nつまり、このエフェクトはオプションダイアログボックスを表示しますか。 \r\nPF_Cmd_DO_DIALOGは、ユーザーがエフェクトフローターの[オプション]ボタンを押すと生成されます。\r\nこのフラグは、PF_Cmd_GLOBAL_SETUP時に設定する必要があります。"},{"Name":"PF_OutFlag_USE_OUTPUT_EXTENT","Value":64,"ShiftValue":6,"Description":"PF_OutFlag_USE_OUTPUT_EXTENT\r\nThe output layer is passed with an \"extent rect\" indicating the area of the layer that actually contains visible image data.  If the effect changes its behavior based on the extent rect (for instance, by not iterating over the entire image), set this flag, so the application will know whether having the extent\tchange should cause the frame to re-render.  Specify this flag at PF_Cmd_GLOBAL_SETUP.","Comment":"PF_Cmd_GLOBAL_SETUP","DescriptionJ":"PF_OutFlag_USE_OUTPUT_EXTENT\r\n出力レイヤーは、実際に表示されている画像データを含むレイヤーの領域を示す「extentrect」とともに渡されます。 \r\n効果が範囲rectに基づいて動作を変更する場合（たとえば、画像全体を反復しないことによって）、このフラグを設定して、範囲を変更するとフレームが再レンダリングされるかどうかをアプリケーションが認識できるようにします。 \r\nこのフラグはPF_Cmd_GLOBAL_SETUPで指定します。"},{"Name":"PF_OutFlag_SEND_DO_DIALOG","Value":128,"ShiftValue":7,"Description":"PF_OutFlag_SEND_DO_DIALOG\r\nSome filters need their options dialog box to be brought up at least once to be valid.  You can set this flag, and the driver app will automatically send a PF_Cmd_DO_DIALOG to the effect when it is applied. \r\nThe DO_DIALOG will be sent after PF_Cmd_SEQUENCE_SETUP.  This flag should be set in PF_Cmd_SEQUENCE_SETUP if it is going to be set.","Comment":"PF_Cmd_SEQUENCE_SETUP","DescriptionJ":"PF_OutFlag_SEND_DO_DIALOG\r\n一部のフィルタを有効にするには、オプションダイアログボックスを少なくとも1回表示する必要があります。 \r\nこのフラグを設定すると、ドライバーアプリは、適用時にPF_Cmd_DO_DIALOGをエフェクトに自動的に送信します。\r\nDO_DIALOGは、PF_Cmd_SEQUENCE_SETUPの後に送信されます。 \r\nこのフラグを設定する場合は、PF_Cmd_SEQUENCE_SETUPで設定する必要があります。"},{"Name":"PF_OutFlag_DISPLAY_ERROR_MESSAGE","Value":256,"ShiftValue":8,"Description":"PF_OutFlag_DISPLAY_ERROR_MESSAGE\r\nWhenever the return_msg field in the PF_OutData is set to a string, After Effects will bring up a simple dialog box containing that string.  If you set this flag, the dialog box will be made to look like an error message dialog box.  If you don't set this flag, it will be an undecorated dialog box.  Using this flag, an effects module can have and display its own error messages and not worry about the code for dialog boxes -- the program will do it for you. \r\nThis flag can be sent after any command.","Comment":"all PF_Cmds","DescriptionJ":"PF_OutFlag_DISPLAY_ERROR_MESSAGE\r\nPF_OutDataのreturn_msgフィールドが文字列に設定されている場合は常に、AfterEffectsはその文字列を含む単純なダイアログボックスを表示します。 \r\nこのフラグを設定すると、ダイアログボックスはエラーメッセージダイアログボックスのようになります。 \r\nこのフラグを設定しないと、装飾されていないダイアログボックスになります。 \r\nこのフラグを使用すると、エフェクトモジュールは独自のエラーメッセージを表示および表示でき、ダイアログボックスのコードについて心配する必要はありません。プログラムが自動的に処理します。\r\nこのフラグは、任意のコマンドの後に送信できます。"},{"Name":"PF_OutFlag_I_EXPAND_BUFFER","Value":512,"ShiftValue":9,"Description":"PF_OutFlag_I_EXPAND_BUFFER\r\nStarting with After Effects 2.0, effects will be able to expand their buffers beyond the current layer's dimensions. This has always been part of the PF specification, but as an extra precaution (and hint to the AE rendering engine) set this flag at PF_Cmd_GLOBAL_SETUP if you plan to expand your buffer.","Comment":"PF_Cmd_GLOBAL_SETUP","DescriptionJ":"PF_OutFlag_I_EXPAND_BUFFER\r\nAfter Effects 2.0以降、エフェクトは現在のレイヤーのサイズを超えてバッファーを拡張できるようになります。\r\nこれは常にPF仕様の一部ですが、追加の予防措置（およびAEレンダリングエンジンへのヒント）として、バッファーを拡張する場合は、このフラグをPF_Cmd_GLOBAL_SETUPに設定してください。"},{"Name":"PF_OutFlag_PIX_INDEPENDENT","Value":1024,"ShiftValue":10,"Description":"PF_OutFlag_PIX_INDEPENDENT\r\nSet this flag if the output at a given pixel is not dependent on the values of the pixels around it. If this is set, the pixels After Effects does not care about (because of field rendering, for example) could be filled with garbage colors.  Please set this flag at PF_Cmd_GLOBAL_SETUP. Can be over-ridden dynamically during PF_Cmd_QUERY_DYNAMIC_FLAGS.","Comment":"PF_Cmd_GLOBAL_SETUP, PF_Cmd_QUERY_DYNAMIC_FLAGS","DescriptionJ":"PF_OutFlag_PIX_INDEPENDENT\r\n特定のピクセルでの出力がその周囲のピクセルの値に依存しない場合は、このフラグを設定します。\r\nこれが設定されている場合、After Effectsが気にしないピクセル（たとえば、フィールドレンダリングのため）がゴミの色で塗りつぶされる可能性があります。\r\nこのフラグはPF_Cmd_GLOBAL_SETUPで設定してください。PF_Cmd_QUERY_DYNAMIC_FLAGS中に動的にオーバーライドできます。"},{"Name":"PF_OutFlag_I_WRITE_INPUT_BUFFER","Value":2048,"ShiftValue":11,"Description":"PF_OutFlag_I_WRITE_INPUT_BUFFER\r\nSet this flag if your effect would like to write into the input buffer. This can be useful if you need an scratch buffer, but it also invalidates some speedups in the AE rendering pipeline, so use it with some discretion. Please set this flag at PF_Cmd_GLOBAL_SETUP.","Comment":"PF_Cmd_GLOBAL_SETUP","DescriptionJ":"PF_OutFlag_I_WRITE_INPUT_BUFFER\r\nエフェクトが入力バッファーに書き込みたい場合は、このフラグを設定します。\r\nこれは、スクラッチバッファーが必要な場合に役立ちますが、AEレンダリングパイプラインの一部のスピードアップも無効になるため、慎重に使用してください。\r\nこのフラグはPF_Cmd_GLOBAL_SETUPで設定してください。"},{"Name":"PF_OutFlag_I_SHRINK_BUFFER","Value":4096,"ShiftValue":12,"Description":"PF_OutFlag_I_SHRINK_BUFFER\r\nSet this flag if you can shrink your buffer based on the extent-rects passed to you in order to be more memory efficient.","Comment":"PF_Cmd_GLOBAL_SETUP","DescriptionJ":"PF_OutFlag_I_SHRINK_BUFFER\r\nメモリ効率を高めるために渡されたextent-rectsに基づいてバッファを縮小できる場合は、このフラグを設定します。"},{"Name":"PF_OutFlag_WORKS_IN_PLACE","Value":8192,"ShiftValue":13,"Description":"","Comment":"PF_Cmd_GLOBAL_SETUP","DescriptionJ":""},{"Name":"PF_OutFlag_RESERVED8","Value":16384,"ShiftValue":14,"Description":"","Comment":"","DescriptionJ":""},{"Name":"PF_OutFlag_CUSTOM_UI","Value":32768,"ShiftValue":15,"Description":"PF_OutFlag_CUSTOM_UI\r\n\r\nThis flag must be set if your effect has a custom UI in the Effect Controls Window, Layer Window or Comp Window.","Comment":"PF_Cmd_GLOBAL_SETUP","DescriptionJ":"PF_OutFlag_CUSTOM_UI\r\n\r\nエフェクトのエフェクトコントロールウィンドウ、レイヤーウィンドウ、またはコンプウィンドウにカスタムUIがある場合は、このフラグを設定する必要があります。"},{"Name":"PF_OutFlag_RESERVED7","Value":65536,"ShiftValue":16,"Description":"","Comment":"","DescriptionJ":""},{"Name":"PF_OutFlag_REFRESH_UI","Value":131072,"ShiftValue":17,"Description":"PF_OutFlag_REFRESH_UI\r\n\r\nCan be returned from PF_Cmd_EVENT, PF_Cmd_RENDER, and PF_Cmd_DO_DIALOG. \r\nCauses the effects control window, layer window, and comp window to be re-drawn.","Comment":"PF_Cmd_EVENT, PF_Cmd_RENDER, PF_Cmd_DO_DIALOG","DescriptionJ":"PF_OutFlag_REFRESH_UI\r\n\r\nPF_Cmd_EVENT、PF_Cmd_RENDER、およびPF_Cmd_DO_DIALOGから返すことができます。\r\nエフェクトコントロールウィンドウ、レイヤーウィンドウ、コンプウィンドウが再描画されます。"},{"Name":"PF_OutFlag_NOP_RENDER","Value":262144,"ShiftValue":18,"Description":"PF_OutFlag_NOP_RENDER\r\n\r\nSet this flag in PF_Cmd_GLOBAL_SETUP if the render would never result in changes to the source image (or audio?). For example, an expression control would set this.","Comment":"PF_Cmd_GLOBAL_SETUP","DescriptionJ":"PF_OutFlag_NOP_RENDER\r\n\r\nレンダリングによってソースイメージ（またはオーディオ？）が変更されない場合は、PF_Cmd_GLOBAL_SETUPでこのフラグを設定します。\r\nたとえば、式コントロールはこれを設定します。"},{"Name":"PF_OutFlag_I_USE_SHUTTER_ANGLE","Value":524288,"ShiftValue":19,"Description":"PF_OutFlag_I_USE_SHUTTER_ANGLE\r\n\r\nMust be set at PF_Cmd_GLOBAL_SETUP time if the effect uses the shutter_angle or the shutter_phase. Can be over-ridden dynamically during PF_Cmd_QUERY_DYNAMIC_FLAGS.","Comment":"PF_Cmd_GLOBAL_SETUP, PF_Cmd_QUERY_DYNAMIC_FLAGS","DescriptionJ":"PF_OutFlag_I_USE_SHUTTER_ANGLE\r\n\r\nエフェクトがshutter_angleまたはshutter_phaseを使用する場合は、PF_Cmd_GLOBAL_SETUP時間に設定する必要があります。\r\nPF_Cmd_QUERY_DYNAMIC_FLAGS中に動的にオーバーライドできます。"},{"Name":"PF_OutFlag_I_USE_AUDIO","Value":1048576,"ShiftValue":20,"Description":"PF_OutFlag_I_USE_AUDIO\r\n\r\nMust be set at PF_Cmd_GLOBAL_SETUP time for a visual effect that calls the audio checkout calls.","Comment":"PF_Cmd_GLOBAL_SETUP","DescriptionJ":"PF_OutFlag_I_USE_AUDIO\r\n\r\nオーディオチェックアウト呼び出しを呼び出す視覚効果を得るには、PF_Cmd_GLOBAL_SETUP時間に設定する必要があります。"},{"Name":"PF_OutFlag_I_AM_OBSOLETE","Value":2097152,"ShiftValue":21,"Description":"PF_OutFlag_I_AM_OBSOLETE\r\n\r\nSet at PF_Cmd_GLOBAL_SETUP time for effects that don't want to appear in the AE Effects menu (but will still be invoked if you load a project that has an old copy of the effect applied).","Comment":"PF_Cmd_GLOBAL_SETUP","DescriptionJ":"F_OutFlag_I_AM_OBSOLETE\r\n\r\nAE Effectsメニューに表示したくないエフェクトのPF_Cmd_GLOBAL_SETUP時間に設定します（ただし、エフェクトの古いコピーが適用されているプロジェクトをロードした場合は引き続き呼び出されます）。"},{"Name":"PF_OutFlag_FORCE_RERENDER","Value":4194304,"ShiftValue":22,"Description":"PF_OutFlag_FORCE_RERENDER\r\n\r\nSet at PF_Cmd_EVENT if the effect modified sequence data, or did anything else that requires the effect needs to re-render. \r\nNote that setting PF_ChangeFlag_CHANGED_VALUE automatically causes a re-render, so don't worry about setting PF_OutFlag_FORCE_RERENDER in that case. Also, I_MIX_GUID_DEPENDENCIES can be used to trigger a rerender on dependant changes if sequence_data has not been changed. \r\n\r\nIMPORTANT: FORCE_RERENDER should be used as a last resort. Long term we should be eliminating the need for this because it causes forced cache invalidation that doesn't work well with undo. \r\nOnce we have the full set of APIs in place needed to manage render state, we will be able to deprecate this. \r\nPrefer using ARB data + CHANGED_VALUE or I_MIX_GUID_DEPENDENCIES when possible instead. \r\n\r\nIn 13.5 the split between a UI and render threads means that FORCE_RERENDER will now also have the needed side effect of copying sequence_data state to the render project.  This can be expensive if the sequence_data is large. \r\nSupport GET_FLATTENED_SEQUENCE_DATA to prevent deallocation of your sequence_data, which can help. \r\nGET_FLATTENED_SEQUENCE_DATA support is required for FORCE_RERENDER use in custom mouse\/key events.","Comment":"PF_Cmd_EVENT, PF_Cmd_USER_CHANGED_PARAM, PF_Cmd_UPDATE_PARAMS_UI","DescriptionJ":"PF_OutFlag_FORCE_RERENDER\r\n\r\nエフェクトがシーケンスデータを変更した場合、またはエフェクトを再レンダリングする必要があるその他の処理を行った場合は、PF_Cmd_EVENTに設定します。\r\nPF_ChangeFlag_CHANGED_VALUEを設定すると自動的に再レン??ダリングされるため、その場合はPF_OutFlag_FORCE_RERENDERの設定について心配する必要はありません。また、sequence_dataが変更されていない場合は、I_MIX_GUID_DEPENDENCIESを使用して、依存する変更に対して再レンダリングをトリガーできます。\r\n\r\n重要：最後の手段としてFORCE_RERENDERを使用する必要があります。長期的には、これは、元に戻すとうまく機能しない強制キャッシュ無効化を引き起こすため、これの必要性を排除する必要があります。\r\nレンダリング状態を管理するために必要なAPIの完全なセットが整ったら、これを非推奨にすることができます。\r\n代わりに、可能な場合はARBデータ+ CHANGED_VALUEまたはI_MIX_GUID_DEPENDENCIESを使用することをお勧めします。\r\n\r\n13.5では、UIスレッドとレンダースレッドが分割されているため、FORCE_RERENDERには、sequence_data状態をレンダープロジェクトにコピーするという必要な副作用もあります。\r\nsequence_dataが大きい場合、これはコストがかかる可能性があります。\r\nGET_FLATTENED_SEQUENCE_DATAをサポートして、sequence_dataの割り当て解除を防止します。これは役立つ場合があります。\r\nカスタムマウス\/キーイベントでFORCE_RERENDERを使用するには、GET_FLATTENED_SEQUENCE_DATAのサポートが必要です。"},{"Name":"PF_OutFlag_PiPL_OVERRIDES_OUTDATA_OUTFLAGS","Value":8388608,"ShiftValue":23,"Description":"PF_OutFlag_PiPL_OVERRIDES_OUTDATA_OUTFLAGS\r\n\r\nValid only for setting in your PiPL.  When set out_flags will be ignored at PF_Cmd_GLOBAL_SETUP time (& thus don't need to match).","Comment":"PiPL-only-flag","DescriptionJ":"F_OutFlag_PiPL_OVERRIDES_OUTDATA_OUTFLAGS\r\n\r\nPiPLでの設定にのみ有効です。\r\n設定すると、PF_Cmd_GLOBAL_SETUP時にout_flagsは無視されます（したがって、一致する必要はありません）。"},{"Name":"PF_OutFlag_I_HAVE_EXTERNAL_DEPENDENCIES","Value":16777216,"ShiftValue":24,"Description":"PF_OutFlag_I_HAVE_EXTERNAL_DEPENDENCIES\r\n\r\nSet this flag at PF_Cmd_GLOBAL_SETUP time if the effect has dependencies that the user should know about before transporting their project to a different machine.  For example, dependencies on an installed font, or on an external file.  If set, the effect will receive a PF_Cmd_GET_EXTERNAL_DEPENDENCIES request, where the extra param will be a PF_ExtDependenciesExtra, and the effect should report its information based on the given sequence_data.","Comment":"PF_Cmd_GLOBAL_SETUP","DescriptionJ":"PF_OutFlag_I_HAVE_EXTERNAL_DEPENDENCIES\r\n\r\nプロジェクトを別のマシンに転送する前にユーザーが知っておく必要のある依存関係がエフェクトにある場合は、PF_Cmd_GLOBAL_SETUP時にこのフラグを設定します。\r\nたとえば、インストールされているフォントや外部ファイルへの依存関係。\r\n設定されている場合、エフェクトはPF_Cmd_GET_EXTERNAL_DEPENDENCIESリクエストを受け取ります。ここで、追加のパラメーターはPF_ExtDependenciesExtraであり、エフェクトは指定されたsequence_dataに基づいてその情報を報告する必要があります。"},{"Name":"PF_OutFlag_DEEP_COLOR_AWARE","Value":33554432,"ShiftValue":25,"Description":"","Comment":"PF_Cmd_GLOBAL_SETUP","DescriptionJ":""},{"Name":"PF_OutFlag_SEND_UPDATE_PARAMS_UI","Value":67108864,"ShiftValue":26,"Description":"PF_OutFlag_SEND_UPDATE_PARAMS_UI\r\n\r\nSet this flag at PF_Cmd_GLOBAL_SETUP time if you want to receive PF_Cmd_UPDATE_PARAMS_UI messages.","Comment":"PF_Cmd_GLOBAL_SETUP","DescriptionJ":"PF_OutFlag_SEND_UPDATE_PARAMS_UI\r\n\r\nPF_Cmd_UPDATE_PARAMS_UIメッセージを受信する場合は、PF_Cmd_GLOBAL_SETUP時にこのフラグを設定します。"},{"Name":"PF_OutFlag_AUDIO_FLOAT_ONLY","Value":134217728,"ShiftValue":27,"Description":"PF_OutFlag_AUDIO_FLOAT_ONLY\r\n\r\nSet this flag if you only want to receive PF_SIGNED_FLOAT data when processing audio data.  Requires PF_OutFlag_AUDIO_EFFECT_TOO or PF_OutFlag_AUDIO_EFFECT_ONLY.","Comment":"PF_Cmd_GLOBAL_SETUP","DescriptionJ":"PF_OutFlag_AUDIO_FLOAT_ONLY\r\n\r\nオーディオデータの処理時にPF_SIGNED_FLOATデータのみを受信する場合は、このフラグを設定します。 \r\nPF_OutFlag_AUDIO_EFFECT_TOOまたはPF_OutFlag_AUDIO_EFFECT_ONLYが必要です。"},{"Name":"PF_OutFlag_AUDIO_IIR","Value":268435456,"ShiftValue":28,"Description":"PF_OutFlag_AUDIO_IIR\r\n\r\nSet this flag at PF_Cmd_GLOBAL_SETUP time if you are an Infinite-Impulse-Response audio filter (i.e. your output at a given time depends on your output from previous times).","Comment":"PF_Cmd_GLOBAL_SETUP","DescriptionJ":"PF_OutFlag_AUDIO_IIR\r\n\r\n無限インパルス応答オーディオフィルターの場合は、PF_Cmd_GLOBAL_SETUP時間にこのフラグを設定します（つまり、特定の時間の出力は、前の時間の出力に依存します）。"},{"Name":"PF_OutFlag_I_SYNTHESIZE_AUDIO","Value":536870912,"ShiftValue":29,"Description":"PF_OutFlag_I_SYNTHESIZE_AUDIO\r\n\r\nSet this flag at PF_Cmd_GLOBAL_SETUP time if you generate audio even when handed silence.  Requires PF_OutFlag_AUDIO_EFFECT_TOO or PF_OutFlag_AUDIO_EFFECT_ONLY.","Comment":"PF_Cmd_GLOBAL_SETUP","DescriptionJ":"PF_OutFlag_I_SYNTHESIZE_AUDIO\r\n\r\n無音を渡しても音声を生成する場合は、PF_Cmd_GLOBAL_SETUP時にこのフラグを設定してください。 \r\nPF_OutFlag_AUDIO_EFFECT_TOOまたはPF_OutFlag_AUDIO_EFFECT_ONLYが必要です。"},{"Name":"PF_OutFlag_AUDIO_EFFECT_TOO","Value":1073741824,"ShiftValue":30,"Description":"PF_OutFlag_AUDIO_EFFECT_TOO\r\n\r\nMust be set at PF_Cmd_GLOBAL_SETUP time for an effect that wants to filter the audio too (as opposed to just reading the audio).","Comment":"PF_Cmd_GLOBAL_SETUP","DescriptionJ":"PF_OutFlag_AUDIO_EFFECT_TOO\r\n\r\n（オーディオを読み取るだけでなく）オーディオもフィルタリングするエフェクトの場合は、PF_Cmd_GLOBAL_SETUP時間に設定する必要があります。"},{"Name":"PF_OutFlag_AUDIO_EFFECT_ONLY","Value":2147483648,"ShiftValue":31,"Description":"PF_OutFlag_AUDIO_EFFECT_ONLY\r\n\r\nMust be set at PF_Cmd_GLOBAL_SETUP time for an effect that only filters audio (no video).","Comment":"PF_Cmd_GLOBAL_SETUP","DescriptionJ":"PF_OutFlag_AUDIO_EFFECT_ONLY\r\n\r\nオーディオのみをフィルタリングする（ビデオをフィルタリングしない）エフェクトを作成するには、PF_Cmd_GLOBAL_SETUP時間に設定する必要があります。"}],"out_flags2":[{"Name":"PF_OutFlag2_SUPPORTS_QUERY_DYNAMIC_FLAGS","Value":1,"ShiftValue":0,"Description":"PF_OutFlag2_SUPPORTS_QUERY_DYNAMIC_FLAGS\r\n\r\nSet this during PF_Cmd_GLOBAL_SETUP if the effect handles PF_Cmd_QUERY_DYNAMIC_FLAGS. \r\nSupporting this command can dramatically improve performance for certain effects, because it provides dynamic information to the host about what can be cached (as opposed to PIPL bits which cannot be changed at run-time)","Comment":"PF_Cmd_GLOBAL_SETUP","DescriptionJ":"PF_OutFlag2_SUPPORTS_QUERY_DYNAMIC_FLAGS\r\n\r\nエフェクトがPF_Cmd_QUERY_DYNAMIC_FLAGSを処理する場合は、PF_Cmd_GLOBAL_SETUP中にこれを設定します。\r\nこのコマンドをサポートすると、（実行時に変更できないPIPLビットとは対照的に）キャッシュできるものに関する動的な情報がホストに提供されるため、特定の効果のパフォーマンスを劇的に向上させることができます。"},{"Name":"PF_OutFlag2_I_USE_3D_CAMERA","Value":2,"ShiftValue":1,"Description":"PF_OutFlag2_I_USE_3D_CAMERA\r\n\r\nThis bit must be set if the effect ever uses the AEGP PF_Interface suite to access camera layers. Can be over-ridden dynamically during PF_Cmd_QUERY_DYNAMIC_FLAGS.","Comment":"PF_Cmd_GLOBAL_SETUP, PF_Cmd_QUERY_DYNAMIC_FLAGS","DescriptionJ":"PF_OutFlag2_I_USE_3D_CAMERA\r\n\r\nエフェクトがAEGPPF_Interfaceスイートを使用してカメラレイヤーにアクセスする場合は、このビットを設定する必要があります。 \r\nPF_Cmd_QUERY_DYNAMIC_FLAGS中に動的にオーバーライドできます。"},{"Name":"PF_OutFlag2_I_USE_3D_LIGHTS","Value":4,"ShiftValue":2,"Description":"PF_OutFlag2_I_USE_3D_LIGHTS\r\n\r\nThis bit must be set if the effect ever uses the AEGP PF_Interface suite to access camera layers. Can be over-ridden dynamically during PF_Cmd_QUERY_DYNAMIC_FLAGS.","Comment":"PF_Cmd_GLOBAL_SETUP, PF_Cmd_QUERY_DYNAMIC_FLAGS","DescriptionJ":"PF_OutFlag2_I_USE_3D_LIGHTS\r\n\r\nエフェクトがAEGPPF_Interfaceスイートを使用してカメラレイヤーにアクセスする場合は、このビットを設定する必要があります。 \r\nPF_Cmd_QUERY_DYNAMIC_FLAGS中に動的にオーバーライドできます。"},{"Name":"PF_OutFlag2_PARAM_GROUP_START_COLLAPSED_FLAG","Value":8,"ShiftValue":3,"Description":"PF_OutFlag2_PARAM_GROUP_START_COLLAPSED_FLAG\r\n\r\nIf you want a parameter group to honor the PF_ParamFlag_COLLAPSE_TWIRLY or PF_ParamFlag_START_COLLAPSED flag, set this bit.  Otherwise, all parameter groups will be collapsed by default.","Comment":"PF_Cmd_GLOBAL_SETUP","DescriptionJ":"PF_OutFlag2_PARAM_GROUP_START_COLLAPSED_FLAG\r\n\r\nパラメータグループがPF_ParamFlag_COLLAPSE_TWIRLYまたはPF_ParamFlag_START_COLLAPSEDフラグを尊重するようにする場合は、このビットを設定します。 \r\nそれ以外の場合、すべてのパラメータグループはデフォルトで折りたたまれます。"},{"Name":"PF_OutFlag2_I_AM_THREADSAFE","Value":16,"ShiftValue":4,"Description":"","Comment":"PF_Cmd_GLOBAL_SETUP (unused)","DescriptionJ":""},{"Name":"PF_OutFlag2_CAN_COMBINE_WITH_DESTINATION","Value":32,"ShiftValue":5,"Description":"","Comment":"Premiere only (as of AE 6.0)","DescriptionJ":""},{"Name":"PF_OutFlag2_DOESNT_NEED_EMPTY_PIXELS","Value":64,"ShiftValue":6,"Description":"PF_OutFlag2_DOESNT_NEED_EMPTY_PIXELS\r\n\r\nAdded for render optimizations; shrinks the input buffer passed to the effect to exclude any empty pixels (where empty means \"zero alpha\" unless","Comment":"PF_Cmd_GLOBAL_SETUP, PF_Cmd_QUERY_DYNAMIC_FLAGS","DescriptionJ":"PF_OutFlag2_DOESNT_NEED_EMPTY_PIXELS\r\n\r\nレンダリングの最適化のために追加されました。 エフェクトに渡される入力バッファーを縮小して、空のピクセルを除外します\r\n（ここで、空は「ゼロアルファ」を意味します。"},{"Name":"PF_OutFlag2_REVEALS_ZERO_ALPHA","Value":128,"ShiftValue":7,"Description":"PF_OutFlag2_REVEALS_ZERO_ALPHA is set, in which case RGB must be zero as well.) \r\nThe origin of the trimmed buffer can be found in in_data->pre_effect_source_origin. \r\nEffects with both this flag and PF_OutFlag_I_EXPAND_BUFFER set may get called with a null input buffer if their input is completely empty, and must be able to handle this case without crashing. This flag can be cleared dynamically during PF_Cmd_QUERY_DYNAMIC_FLAGS.","Comment":"PF_Cmd_GLOBAL_SETUP, PF_Cmd_QUERY_DYNAMIC_FLAGS","DescriptionJ":"PF_OutFlag2_REVEALS_ZERO_ALPHAが設定されています。この場合、RGBもゼロである必要があります。）\r\nトリミングされたバッファの原点は、in_data-> pre_effect_source_originにあります。\r\nこのフラグとPF_OutFlag_I_EXPAND_BUFFERの両方が設定されたエフェクトは、入力が完全に空の場合、null入力バッファーで呼び出される可能性があり、クラッシュすることなくこのケースを処理できる必要があります。\r\nこのフラグは、PF_Cmd_QUERY_DYNAMIC_FLAGS中に動的にクリアできます。"},{"Name":"PF_OutFlag2_PRESERVES_FULLY_OPAQUE_PIXELS","Value":256,"ShiftValue":8,"Description":"","Comment":"Premiere only (as of AE 6.0)","DescriptionJ":""},{"Name":"PF_OutFlag2_SUPPORTS_SMART_RENDER","Value":1024,"ShiftValue":10,"Description":"","Comment":"PF_Cmd_GLOBAL_SETUP","DescriptionJ":""},{"Name":"PF_OutFlag2_RESERVED9","Value":2048,"ShiftValue":11,"Description":"","Comment":"PF_Cmd_GLOBAL_SETUP","DescriptionJ":""},{"Name":"PF_OutFlag2_FLOAT_COLOR_AWARE","Value":4096,"ShiftValue":12,"Description":"","Comment":"PF_Cmd_GLOBAL_SETUP, may require PF_OutFlag2_SUPPORTS_SMART_RENDER","DescriptionJ":""},{"Name":"PF_OutFlag2_I_USE_COLORSPACE_ENUMERATION","Value":8192,"ShiftValue":13,"Description":"","Comment":"PF_Cmd_GLOBAL_SETUP, not implemented in AE7 (may be impl in Premiere Pro)","DescriptionJ":""},{"Name":"PF_OutFlag2_I_AM_DEPRECATED","Value":16384,"ShiftValue":14,"Description":"PF_OutFlag2_I_AM_DEPRECATED\r\nthis effect is still available, and shows up under user-visible \"Obsolete\" category in the UI. Setting this flag means \"there's a better way to do this, but this effect may still be useful in some situations\".  distinct from PF_OutFlag_I_AM_OBSOLETE in that these will still show up in the GUI and the user can still apply them to new projects.  The category that is set by the effect is pretty much ignored, as it will instead always go into the \"Obsolete\" category","Comment":"PF_Cmd_GLOBAL_SETUP","DescriptionJ":"PF_OutFlag2_I_AM_DEPRECATED\r\nこの効果は引き続き利用可能であり、UIのユーザーに表示される「廃止」カテゴリの下に表示されます。\r\nこのフラグを設定することは、「これを行うためのより良い方法がありますが、この効果は状況によってはまだ役立つ可能性がある」ことを意味します。\r\nPF_OutFlag_I_AM_OBSOLETEとは異なり、これらは引き続きGUIに表示され、ユーザーは引き続き新しいプロジェクトに適用できます。\r\nエフェクトによって設定されたカテゴリはほとんど無視されます。代わりに、常に「廃止」カテゴリに分類されるためです。"},{"Name":"PF_OutFlag2_PPRO_DO_NOT_CLONE_SEQUENCE_DATA_FOR_RENDER","Value":32768,"ShiftValue":15,"Description":"","Comment":"PF_Cmd_GLOBAL_SETUP, Premiere only, CS4.1 and later","DescriptionJ":""},{"Name":"PF_OutFjlag2_RESERVED10","Value":65536,"ShiftValue":16,"Description":"","Comment":"PF_Cmd_GLOBAL_SETUP","DescriptionJ":""},{"Name":"PF_OutFlag2_AUTOMATIC_WIDE_TIME_INPUT","Value":131072,"ShiftValue":17,"Description":"PF_OutFlag2_AUTOMATIC_WIDE_TIME_INPUT\r\nNew in AE 10. Requires setting of PF_OutFlag_WIDE_TIME_INPUT (which allows you to support old hosts), but effectively overrides that flag. When set, all parameter checkouts are tracked so over-time dependencies are known by AE. Note that if you use this new flag, and you cache any time-dependent data in your sequence data (or anywhere else), you must validate that cache using the new PF_HaveInputsChangedOverTimeSpan() before using it. \r\n\r\nThis only works for smart effects (those that set PF_OutFlag2_SUPPORTS_SMART_RENDER). If you haven't set that, After Effects will silently treat this as PF_OutFlag_WIDE_TIME_INPUT instead. \r\n\r\nTo test that it's working, apply your effect with one parameter keyframed on every frame. \r\nRAM Preview to fill the cache, then change one of the keyframes. The related frame and all dependent frames (e.g. later frames, in the case of a simulation) should lose their cache marks and require re-rendering. Simlarly, upstream changes to sources of layer parameters should cause time-selective invalidation of the cache.","Comment":"PF_Cmd_GLOBAL_SETUP, falls back to PF_OutFlag_WIDE_TIME_INPUT if not PF_OutFlag2_SUPPORTS_SMART_RENDER","DescriptionJ":"PF_OutFlag2_AUTOMATIC_WIDE_TIME_INPUT\r\nAE 10の新機能。PF_OutFlag_WIDE_TIME_INPUT（古いホストをサポートできるようにする）の設定が必要ですが、そのフラグを効果的にオーバーライドします。\r\n設定すると、すべてのパラメータチェックアウトが追跡されるため、AEは時間の経過に伴う依存関係を認識します。この新しいフラグを使用し、シーケンスデータ（またはその他の場所）に時間依存データをキャッシュする場合は、使用する前に新しいPF_HaveInputsChangedOverTimeSpan（）を使用してそのキャッシュを検証する必要があることに注意してください。\r\n\r\nこれは、スマートエフェクト（PF_OutFlag2_SUPPORTS_SMART_RENDERを設定するエフェクト）でのみ機能します。設定していない場合、AfterEffectsはこれを代わりにPF_OutFlag_WIDE_TIME_INPUTとしてサイレントに処理します。\r\n\r\nそれが機能していることをテストするには、すべてのフレームに1つのパラメーターキーフレームを使用してエフェクトを適用します。\r\nRAMプレビューでキャッシュを埋めてから、キーフレームの1つを変更します。関連するフレームとすべての依存フレーム（シミュレーションの場合は後のフレームなど）はキャッシュマークを失い、再レンダリングが必要になります。同様に、レイヤーパラメータのソースへのアップストリームの変更は、キャッシュの時間選択的な無効化を引き起こすはずです。"},{"Name":"PF_OutFlag2_I_USE_TIMECODE","Value":262144,"ShiftValue":18,"Description":"PF_OutFlag2_I_USE_TIMECODE\r\nNew in AE 9.0.  The effect depends on the Composition's timecode or a layer's source footage timecode.  If the underlying timecode changes the effects will be asked to rerender.","Comment":"PF_Cmd_GLOBAL_SETUP","DescriptionJ":"PF_OutFlag2_I_USE_TIMECODE\r\nAE9.0の新機能。 効果は、コンポジションのタイムコードまたはレイヤーのソースフッテージのタイムコードによって異なります。 \r\n基になるタイムコードが変更された場合、エフェクトは再レンダリングするように求められます。"},{"Name":"PF_OutFlag2_DEPENDS_ON_UNREFERENCED_MASKS","Value":524288,"ShiftValue":19,"Description":"PF_OutFlag2_DEPENDS_ON_UNREFERENCED_MASKS\r\nSet this if you are going to look at paths that aren't directly referenced by a path param, e.g. if you are going to draw a stroke on all masks.","Comment":"PF_Cmd_GLOBAL_SETUP, PF_Cmd_QUERY_DYNAMIC_FLAGS","DescriptionJ":"PF_OutFlag2_DEPENDS_ON_UNREFERENCED_MASKS\r\nパスパラメータによって直接参照されていないパスを調べる場合は、これを設定します。 すべてのマスクにストロークを描画する場合。"},{"Name":"PF_OutFlag2_OUTPUT_IS_WATERMARKED","Value":1048576,"ShiftValue":20,"Description":"PF_OutFlag2_OUTPUT_IS_WATERMARKED\r\nSet this if your output is going to be watermarked in some way that makes it unsuitable for final use, probably because the user is using an unlicensed demo version. It is ok to change this state during the course of app session, if e.g. a floating license status changes. \r\nPlugin authors that actually do have this state changing asynchronously must be careful to have the next render match the last state returned from QUERY_DYNAMIC_FLAGS otherwise race conditions could cause incorrect frames to be cached. (This is a non-issue if you only change this in response to DO_DIALOG.)","Comment":"PF_Cmd_GLOBAL_SETUP, PF_Cmd_QUERY_DYNAMIC_FLAGS","DescriptionJ":"PF_OutFlag2_OUTPUT_IS_WATERMARKED\r\nおそらくユーザーがライセンスのないデモバージョンを使用しているために、出力に透かしが入れられて最終的な使用に適さない場合は、これを設定します。\r\nたとえば、アプリのセッション中にこの状態を変更してもかまいません。\r\nフローティングライセンスのステータスが変更されます。\r\n実際にこの状態が非同期に変化するプラグインの作成者は、次のレンダリングがQUERY_DYNAMIC_FLAGSから返された最後の状態と一致するように注意する必要があります。そうしないと、競合状態によって誤ったフレームがキャッシュされる可能性があります。\r\n（DO_DIALOGに応答してこれを変更するだけの場合、これは問題ではありません。）"},{"Name":"PF_OutFlag2_I_MIX_GUID_DEPENDENCIES","Value":2097152,"ShiftValue":21,"Description":"PF_OutFlag2_I_MIX_GUID_DEPENDENCIES\t(new in 13.5)\r\nSmart effects only. With this option, FORCE_RERENDER becomes a cache-savvy more efficient MAYBE rerender. \r\nIf custom UI or DO_DIALOG change sequence data, returning FORCE_RERENDER requests AE to check whether rerender needs to occur.  During PreRender, the effect uses the GuidMixInPtr callback to mix any additional state that affects the render into our internal GUID for the cached frame. \r\nAE can then tell whether the frame already exists and if so, no longer needs to render. \r\nThis also means that DO_DIALOG no longer always blows the cache and that undo works across DO_DIALOG. \r\nCancelation of DO_DIALOG no longer blows the cache either. \r\nThis also means that I_USE_* flags are now basically redundant since any dependency could be mixed in. \r\nJust be sure to mix in everything that can uniquely affect resulting rendered pixels (that is not already an AE stream parameter).  But don't mixin things that are disabled and have no render effect  (this results in less cache efficiency).","Comment":"PF_Cmd_GLOBAL_SETUP","DescriptionJ":"PF_OutFlag2_I_MIX_GUID_DEPENDENCIES（13.5の新機能）\r\nスマートエフェクトのみ。\r\nこのオプションを使用すると、FORCE_RERENDERは、キャッシュに精通した、より効率的なMAYBE再レンダリングになります。\r\n\r\nカスタムUIまたはDO_DIALOGがシーケンスデータを変更する場合、FORCE_RERENDERを返すと、AEは再レンダリングを実行する必要があるかどうかを確認するように要求されます。\r\n PreRender中に、エフェクトはGuidMixInPtrコールバックを使用して、レンダリングに影響を与える追加の状態を、キャッシュされたフレームの内部GUIDに混合します。\r\n\r\nAEは、フレームがすでに存在するかどうかを判断でき、存在する場合は、レンダリングする必要がなくなります。\r\n\r\nこれは、DO_DIALOGが常にキャッシュをブローするわけではなく、元に戻す機能がDO_DIALOG全体で機能することも意味します。\r\n\r\nDO_DIALOGをキャンセルしても、キャッシュが失われることはなくなりました。\r\n\r\nこれは、依存関係が混在する可能性があるため、I_USE_ *フラグが基本的に冗長になったことも意味します。\r\n\r\n結果としてレンダリングされるピクセルに一意に影響を与える可能性のあるすべてのものを必ず混ぜ合わせてください（これはまだAEストリームパラメーターではありません）。\r\nただし、無効になっていてレンダリング効果がないものをミックスインしないでください（これにより、キャッシュ効率が低下します）。"},{"Name":"PF_OutFlag2_AE13_5_THREADSAFE","Value":4194304,"ShiftValue":22,"Description":"","Comment":"PF_Cmd_GLOBAL_SETUP (unused)","DescriptionJ":""},{"Name":"PF_OutFlag2_SUPPORTS_GET_FLATTENED_SEQUENCE_DATA","Value":8388608,"ShiftValue":23,"Description":"","Comment":"PF_Cmd_GLOBAL_SETUP, support required if both PF_OutFlag_SEQUENCE_DATA_NEEDS_FLATTENING and PF_OutFlag2_SUPPORTS_THREADED_RENDERING is set","DescriptionJ":""},{"Name":"PF_OutFlag2_CUSTOM_UI_ASYNC_MANAGER","Value":16777216,"ShiftValue":24,"Description":"PF_OutFlag2_CUSTOM_UI_ASYNC_MANAGER\t(new in 13.5)\r\n\r\nThis flags enables use of AEGP_CheckoutOrRender_*_AsyncManager() calls which avoid the need for plugin management of the lifetime of async custom UI renders from the UI thread. \r\nThe plugin asks for what frames it needs and the manager calls PF_Event_DRAW again when they are available (or cancels them as needed automatically).  The plugin responds in PF_Event_DRAW by asking for what it needs and drawing what it can from what is available. \r\n\r\nDue to separation of Render thread and UI thread in 13.5, frames for custom UI should no longer be rendered synchronously (see RenderSuite5 for more details). The manager simplifies this, especially when there are multiple requests needed for DRAW. \r\n\r\nWhen enabled, this flag associates a \"PF_AsyncManager\" with the NEW_CONTEXT\/CLOSE_CONTEXT and PF_Event_DRAW that will automatically track completion of 1 or more asynch render requests made for drawing custom UI. \r\nAs requests complete,  PF_Event_DRAW will be called again and the current state of the CUSTOM_UI can be drawn. \r\nSuch requests may be canceled automatically as the user scrubs the time needle or project changes are made and become invalid. \r\n\r\nThis flag is used in addition to the CUSTOM_UI flag during PF_Cmd_GLOBAL_SETUP","Comment":"PF_Cmd_GLOBAL_SETUP","DescriptionJ":"PF_OutFlag2_CUSTOM_UI_ASYNC_MANAGER（13.5の新機能）\r\n\r\nこのフラグにより??、AEGP_CheckoutOrRender _ * _ AsyncManager（）呼び出しを使用できるようになり、UIスレッドからの非同期カスタムUIレンダリングの有効期間のプラグイン管理が不要になります。\r\n\r\nプラグインは必要なフレームを要求し、マネージャーはそれらが利用可能になったときにPF_Event_DRAWを再度呼び出します（または必要に応じて自動的にキャンセルします）。\r\nプラグインはPF_Event_DRAWで応答し、必要なものを要求し、利用可能なものから可能なものを描画します。\r\n\r\n\r\n13.5ではレンダリングスレッドとUIスレッドが分離されているため、カスタムUIのフレームは同期的にレンダリングされなくなりました（詳細については、RenderSuite5を参照してください）。\r\n特にDRAWに複数の要求が必要な場合、マネージャーはこれを単純化します。\r\n\r\n\r\n有効にすると、このフラグは「PF_AsyncManager」をNEW_CONTEXT \/ CLOSE_CONTEXTおよびPF_Event_DRAWに関連付け、カスタムUIを描画するために行われた1つ以上の非同期レンダリング要求の完了を自動的に追跡します。\r\n\r\nリクエストが完了すると、PF_Event_DRAWが再度呼び出され、CUSTOM_UIの現在の状態を描画できます。\r\n\r\nこのようなリクエストは、ユーザーがタイムニードルをスクラブしたり、プロジェクトの変更が行われて無効になったりすると、自動的にキャンセルされる場合があります。\r\n\r\n\r\nこのフラグは、PF_Cmd_GLOBAL_SETUP中にCUSTOM_UIフラグに加えて使用されます"},{"Name":"PF_OutFlag2_SUPPORTS_GPU_RENDER_F32","Value":33554432,"ShiftValue":25,"Description":"","Comment":"PF_Cmd_GLOBAL_SETUP,","DescriptionJ":""},{"Name":"PF_OutFlag2_RESERVED12","Value":67108864,"ShiftValue":26,"Description":"","Comment":"PF_Cmd_GLOBAL_SETUP","DescriptionJ":""},{"Name":"PF_OutFlag2_SUPPORTS_THREADED_RENDERING","Value":134217728,"ShiftValue":27,"Description":"PF_OutFlag2_SUPPORTS_THREADED_RENDERING\r\nIndicates the effect supports rendering on multiple threads at the same time. Single or multiple applications of this effect on a layer can be called to render at the same time on multiple threads. \r\n\r\nUI selectors are still sent on the main thread, however Sequence Setup, Sequence Resetup, Sequence SetDown, PreRender, and Render may be sent on multiple threads at the same time as the UI selectors are being handled so all of these selectors must be thread safe. \r\n\r\nGlobal Setup and Global Setdown selectors are unaffected by this flag.  Regardless whether this flag is set or not, they will only be sent on the main thread, and will not be sent at the same time as any other selectors. \r\n\r\nIf the effect sets PF_OutFlag_SEQUENCE_DATA_NEEDS_FLATTENING indicating the sequence data needs flattening then it must also set PF_OutFlag2_SUPPORTS_GET_FLATTENED_SEQUENCE_DATA. \r\n\r\nWriting to sequence_data during rendering is not supported with threaded rendering. Results are undefined.","Comment":"PF_Cmd_GLOBAL_SETUP","DescriptionJ":"PF_OutFlag2_SUPPORTS_THREADED_RENDERING\r\nエフェクトが同時に複数のスレッドでのレンダリングをサポートすることを示します。\r\nレイヤーに対するこの効果の単一または複数のアプリケーションを呼び出して、複数のスレッドで同時にレンダリングすることができます。\r\n\r\n\r\nUIセレクターは引き続きメインスレッドで送信されますが、シーケンスセットアップ、シーケンス再セットアップ、シーケンスSetDown、PreRender、およびRenderは、UIセレクターの処理と同時に複数のスレッドで送信される可能性があるため、これらのセレクターはすべてスレッドセーフである必要があります。\r\n 。\r\n\r\n\r\nグローバルセットアップおよびグローバルセットダウンセレクターは、このフラグの影響を受けません。\r\nこのフラグが設定されているかどうかに関係なく、これらはメインスレッドでのみ送信され、他のセレクターと同時に送信されることはありません。\r\n\r\nエフェクトがPF_OutFlag_SEQUENCE_DATA_NEEDS_FLATTENINGを設定し、シーケンスデータをフラット化する必要があることを示している場合は、PF_OutFlag2_SUPPORTS_GET_FLATTENED_SEQUENCE_DATAも設定する必要があります。\r\n\r\nレンダリング中のsequence_dataへの書き込みは、スレッドレンダリングではサポートされていません。\r\n結果は未定義です。"}]}